variant            , frames, decode_ms         , hm_resize_ms      , paf_resize_ms     , extract_ms          , group_ms            , scale_ms           , post_avg_ms        , post_median_ms      , post_min_ms         , post_max_ms        , post_fps            , speedup_vs_standard, delta_ms_vs_standard, delta_pct_vs_standard
standard           ,    100, 1.052939101937227 , 4.471012268331833 , 7.3274839809164405, 281.6247282427503   , 205.88423923123628  , 0.0                , 500.3882350830827  , 500.1397729793098   , 491.8714520172216   , 522.5204349844716  ,   1.9984482645439567,   1.0              , 0.0                 , 0.0
fast_no_resize     ,    100, 1.05388016148936  , 0.0               , 0.0               ,   0.5345224501797929,   1.4849586214404553, 0.10611280857119709,   3.187906186794862,   3.1935050210449845,   2.9039399814791977,   3.509759029839188, 313.6855168895059   , 156.96454216746437 , -497.20032889628783 , -99.36291344134709
optimized_batch_k20,    100, 1.0012431594077498, 3.8184321619337425, 7.355859857052565 , 144.13727696810383  , 207.70256062678527  , 0.0                , 364.04286925680935 , 361.9751589722      , 356.3795890077017   , 377.22836300963536 ,   2.7469292340253557,   1.374531071312072, -136.34536582627334 , -27.247915971412684
