variant,frames,preprocess_ms,inference_ms,decode_ms,hm_resize_ms,paf_resize_ms,mx_nms_ms,extract_ms,extract_from_mask_ms,group_ms,post_avg_ms,post_p50_ms,post_p95_ms,post_fps,e2e_avg_ms,e2e_p95_ms,e2e_fps,e2e_speedup_vs_standard,e2e_delta_pct_vs_standard
standard,100,3.5012011922663078,7.820217968546785,1.205287049524486,2.4268407828640193,4.790061099920422,0.0,113.06776067242026,0.0,96.94380645058118,219.27301663032267,218.58879050705582,225.32252526143566,4.560524661754997,230.59443579113577,236.84812296996824,4.336618082605273,1.0,0.0
fast_no_resize,100,3.5012011922663078,7.820217968546785,1.458623346989043,0.0,0.0,0.0,0.7725709828082472,0.0,2.634536915575154,4.896304337307811,4.909396026050672,5.616685023414902,204.23567064253223,16.217723498120904,17.16511943086516,61.66093534125593,14.218668595370614,-92.96699270193565
optimized_batch_k10,100,3.5012011922663078,7.820217968546785,1.180428581428714,2.1325731807155535,4.03805525158532,0.0,48.29228557879105,0.0,96.21954841772094,152.44323210965376,151.0136314900592,158.69584868196398,6.559818931683967,163.76465127046686,170.2614292531507,6.106323875403623,1.40808430880664,-28.981525200894676
optimized_batch_k20,100,3.5012011922663078,7.820217968546785,1.443189371493645,2.1271933149546385,4.054356419946998,0.0,47.853086128016,0.0,98.62994910217822,154.7068665974075,153.35929152206518,161.3642381184036,6.463837203828143,166.0282857582206,172.35098793171346,6.0230700776869694,1.3888864462946988,-27.999873375694502
optimized_batch_k20_fast,100,3.5012011922663078,7.820217968546785,1.4319668716052547,2.150417728116736,4.080032396595925,0.0,48.21506996988319,0.0,5.296854340122081,61.67125626059715,61.027024494251236,68.17026698263362,16.215009400399026,72.99267542141024,79.27347449876834,13.70000475015716,3.15914486569837,-68.34586438697748
lowres_cpu_group,100,3.5012011922663078,7.820217968546785,1.220607755240053,0.0,0.0,0.0,0.4763738700421527,0.0,2.2069312899839133,3.9281180629041046,3.8782254850957543,4.571933316765353,254.57483303357947,15.249537223717198,16.161843721056357,65.57576045289602,15.121405483210232,-93.38685811242658
