variant,preprocess_ms,infer_ms,decode_ms,hm_resize_ms,paf_resize_ms,mx_nms_ms,extract_ms,extract_from_mask_ms,group_ms,post_total_ms,total_frame_ms,p95_total_frame_ms,AP,AP50,AP75,AR
standard,3.7387654412304983,7.879579772124998,1.087535439291969,2.568254010984674,4.246033820090815,0.0,118.86335079732817,0.0,99.23851238680072,226.02023884654045,237.63858405989595,243.02607989229728,,,,
optimized_batch_k20_findnonzero_v1,3.542175680049695,8.396352400886826,1.0829709813697264,2.2532176808454096,3.872645294177346,0.0,47.589331773342565,0.0,5.404307030257769,60.21851824305486,72.15704632399138,74.8454629239859,,,,
gpu-nms,3.567270787898451,5.842154280398972,1.1025205528130755,2.2315659798914567,3.8596925395540893,0.0,29.71953142026905,0.0,5.345250645186752,42.34109373122919,51.75051879952662,50.172806440969,,,,
migraphx-nms,3.6685949296224862,5.801663100719452,1.115847434848547,2.3176335281459615,4.072601012303494,5.600951627129689,19.504576354520395,19.504576354520395,5.679697491577826,70.82717959419824,80.29743762454018,82.89162136206869,,,,
migraphx-nms-k20,3.660732649732381,5.77880417695269,1.1080818437039852,2.404304771334864,4.027508410508744,5.596875243354589,19.53295064624399,19.53295064624399,5.659602519008331,70.69095350219868,80.13049032888375,82.41279498615768,,,,
